network,tx_hash,timestamp,source_account,contract_name,contract_id,function_name,op_type,status
Mainnet,4b0fc99010b6e7ee0441807a7c11c5622633fa541c68b6528766daa5b6f5f2d3,2026-07-10T22:53:57Z,GCK5L4DAV67YSSYKFWRCELY2BDODO5UURWD42QM7HR4ORQWSORMS3JHE,Governance & Compliance,CBL5WKK2WQ4XGGN25DW3OP2LIGI5GUDLBXNQ76ZLFQLU3RRBBAPGQTLU,set_issuer,invoke_host_function,SUCCESS
Mainnet,33cc2c8be5a67ac6c2186e6d560821027f690a7de2d2677764e074ac6eb789cc,2026-07-10T22:52:15Z,GCK5L4DAV67YSSYKFWRCELY2BDODO5UURWD42QM7HR4ORQWSORMS3JHE,Core Pool,CCGIBZCTJQV5ENURT6YKGZ34VVGELBR2O2NUCZED2DDMV4T7FWMJMFKK,create_market,invoke_host_function,SUCCESS
Mainnet,2412b951ea7fab5c030e8659e3676a8f6e0577910ebb5a43e11ed12cfdbe12d1,2026-07-10T22:28:39Z,GCK5L4DAV67YSSYKFWRCELY2BDODO5UURWD42QM7HR4ORQWSORMS3JHE,ERGO Protocol Token,CDILV5HTHZGWQYRL6TJP3MUTSCRXXQSAUHBMASXPZVC2BS4I3QUE5IDQ,mint,invoke_host_function,SUCCESS
Mainnet,5a16e4d6b121fb2a77530c4258d44193431cc44d12421ceecd3df11f28efe4de,2026-07-10T21:32:44Z,GCK5L4DAV67YSSYKFWRCELY2BDODO5UURWD42QM7HR4ORQWSORMS3JHE,Core Pool,CCGIBZCTJQV5ENURT6YKGZ34VVGELBR2O2NUCZED2DDMV4T7FWMJMFKK,set_dependency,invoke_host_function,SUCCESS
Mainnet,386dbee0ac431738a1638c499f90a926bcffa6827b62b80b4e88bec322e845b6,2026-07-10T21:32:38Z,GCK5L4DAV67YSSYKFWRCELY2BDODO5UURWD42QM7HR4ORQWSORMS3JHE,Backstop Pool,CBHFJXAP7EZUGCK4NNVT57JMW3KHBHXYFEAPCIT7UBHIAZJ2S5O24LEY,initialize,invoke_host_function,SUCCESS
Mainnet,3e8d566e24ae6496dab6eef9394aba4bc11d73c38c97721b58e991cc3b814d52,2026-07-10T21:32:26Z,GCK5L4DAV67YSSYKFWRCELY2BDODO5UURWD42QM7HR4ORQWSORMS3JHE,Protocol Deployment & Infrastructure,N/A,invoke_host_function,invoke_host_function,SUCCESS
Mainnet,264b24feea5a2868083aa1c72b82e32da6d65e169a9ae9d28ed5d289df1b302e,2026-07-10T21:32:20Z,GCK5L4DAV67YSSYKFWRCELY2BDODO5UURWD42QM7HR4ORQWSORMS3JHE,Protocol Deployment & Infrastructure,N/A,invoke_host_function,invoke_host_function,SUCCESS
Mainnet,a19200a2bce545eef0bae7300c8c4ac70919839fb8132cef4643ccd327a9f238,2026-07-10T21:26:23Z,GCK5L4DAV67YSSYKFWRCELY2BDODO5UURWD42QM7HR4ORQWSORMS3JHE,Governance & Compliance,CBL5WKK2WQ4XGGN25DW3OP2LIGI5GUDLBXNQ76ZLFQLU3RRBBAPGQTLU,set_issuer,invoke_host_function,SUCCESS
Mainnet,0e47ad5c24f0345877720674dceb2912fc2f7df5cd46090aada6d63240d8ebee,2026-07-10T21:26:17Z,GCK5L4DAV67YSSYKFWRCELY2BDODO5UURWD42QM7HR4ORQWSORMS3JHE,Governance & Compliance,CBL5WKK2WQ4XGGN25DW3OP2LIGI5GUDLBXNQ76ZLFQLU3RRBBAPGQTLU,set_issuer,invoke_host_function,SUCCESS
Mainnet,3d48d89d6ab682557eac764e9bf8ef560aa0cb70eacd045a8a45c49e4b7f3c08,2026-07-10T21:26:05Z,GCK5L4DAV67YSSYKFWRCELY2BDODO5UURWD42QM7HR4ORQWSORMS3JHE,Governance & Compliance,CBL5WKK2WQ4XGGN25DW3OP2LIGI5GUDLBXNQ76ZLFQLU3RRBBAPGQTLU,set_issuer,invoke_host_function,SUCCESS
Mainnet,fa2b2998462fe101b0334ae74c5ec815e7f4c518f1d0014478e3f9f130794d40,2026-07-10T21:25:54Z,GCK5L4DAV67YSSYKFWRCELY2BDODO5UURWD42QM7HR4ORQWSORMS3JHE,Governance & Compliance,CBL5WKK2WQ4XGGN25DW3OP2LIGI5GUDLBXNQ76ZLFQLU3RRBBAPGQTLU,set_issuer,invoke_host_function,SUCCESS
Mainnet,458571dbef7145f930f6ab383e76b8d1a1b95c3cc69a7579d760dd6ae46d6244,2026-07-10T17:57:05Z,GAFKEZCKRSFF4PE46HKR4SOPEBCFCUOL5EU3ESZFLQKEB3UDIM6ZHUNM,Protocol Deployment & Infrastructure,N/A,payment,payment,SUCCESS
Mainnet,95005ec2b1d98c53b0613ed372bcb25e5625a62725ab103e054779e2e1537fe0,2026-07-10T17:33:31Z,GCK5L4DAV67YSSYKFWRCELY2BDODO5UURWD42QM7HR4ORQWSORMS3JHE,Core Pool,CCGIBZCTJQV5ENURT6YKGZ34VVGELBR2O2NUCZED2DDMV4T7FWMJMFKK,create_market,invoke_host_function,SUCCESS
Mainnet,3a158b777635b4591f20eefe77bd299d318e0d81ae3e776fb940e548bd84b45c,2026-07-10T17:33:25Z,GCK5L4DAV67YSSYKFWRCELY2BDODO5UURWD42QM7HR4ORQWSORMS3JHE,Core Pool,CCGIBZCTJQV5ENURT6YKGZ34VVGELBR2O2NUCZED2DDMV4T7FWMJMFKK,create_market,invoke_host_function,SUCCESS
Mainnet,581d3c0c42b6ecc17ba6f3895086012309bd9a3fb4424f3a59bb275d107d8f1b,2026-07-10T17:33:19Z,GCK5L4DAV67YSSYKFWRCELY2BDODO5UURWD42QM7HR4ORQWSORMS3JHE,Core Pool,CCGIBZCTJQV5ENURT6YKGZ34VVGELBR2O2NUCZED2DDMV4T7FWMJMFKK,create_market,invoke_host_function,SUCCESS
Mainnet,c0dc1bff3d75a85fdaf8dee35bc2fbb3423a83f823013d1eb90263e3b82971f1,2026-07-10T17:33:13Z,GCK5L4DAV67YSSYKFWRCELY2BDODO5UURWD42QM7HR4ORQWSORMS3JHE,Core Pool,CCGIBZCTJQV5ENURT6YKGZ34VVGELBR2O2NUCZED2DDMV4T7FWMJMFKK,create_market,invoke_host_function,SUCCESS
Mainnet,11639b377d69a0f5bf598565b777ddfd3be90a31b0f0a5d1b24508157868fca6,2026-07-10T17:33:07Z,GCK5L4DAV67YSSYKFWRCELY2BDODO5UURWD42QM7HR4ORQWSORMS3JHE,Oracle Aggregator,CCZIMNOOYPBJBVAXOOIPSI2SJNR6R3LBEEZNDIEI2H2YVTYASAVI772H,register_feed,invoke_host_function,SUCCESS
Mainnet,24d31cd0bb92f6dd6a7a1fa46286350560ce64666a61f7e816d740caa0da3d92,2026-07-10T17:33:01Z,GCK5L4DAV67YSSYKFWRCELY2BDODO5UURWD42QM7HR4ORQWSORMS3JHE,Oracle Aggregator,CCZIMNOOYPBJBVAXOOIPSI2SJNR6R3LBEEZNDIEI2H2YVTYASAVI772H,register_feed,invoke_host_function,SUCCESS
Mainnet,cc5fc8379b2bf9c653cf9df903df96718a5d89b18ba02b5f3f8b680f892f61a0,2026-07-10T17:32:55Z,GCK5L4DAV67YSSYKFWRCELY2BDODO5UURWD42QM7HR4ORQWSORMS3JHE,Oracle Aggregator,CCZIMNOOYPBJBVAXOOIPSI2SJNR6R3LBEEZNDIEI2H2YVTYASAVI772H,register_feed,invoke_host_function,SUCCESS
Mainnet,3d5129e4b11197f2334eea8b6fe84116a8d9b2525ebbffca1f86088caca7fc8c,2026-07-10T17:32:50Z,GCK5L4DAV67YSSYKFWRCELY2BDODO5UURWD42QM7HR4ORQWSORMS3JHE,Oracle Aggregator,CCZIMNOOYPBJBVAXOOIPSI2SJNR6R3LBEEZNDIEI2H2YVTYASAVI772H,register_feed,invoke_host_function,SUCCESS
Mainnet,64afffd4ff69166b3a532b9d9e0c264629cc672e5e436deac90ea3aa40754964,2026-07-10T17:32:44Z,GCK5L4DAV67YSSYKFWRCELY2BDODO5UURWD42QM7HR4ORQWSORMS3JHE,Core Pool,CCGIBZCTJQV5ENURT6YKGZ34VVGELBR2O2NUCZED2DDMV4T7FWMJMFKK,set_dependency,invoke_host_function,SUCCESS
Mainnet,1c7422e7390918e52650235cb47f5a447c8bc4e73b36219776158b6892aa198a,2026-07-10T17:32:38Z,GCK5L4DAV67YSSYKFWRCELY2BDODO5UURWD42QM7HR4ORQWSORMS3JHE,Core Pool,CCGIBZCTJQV5ENURT6YKGZ34VVGELBR2O2NUCZED2DDMV4T7FWMJMFKK,set_dependency,invoke_host_function,SUCCESS
Mainnet,678563e29a5c3f9c34fd33c62034f8750da064f9ed81d4d9de262ecc9fb795ae,2026-07-10T17:32:33Z,GCK5L4DAV67YSSYKFWRCELY2BDODO5UURWD42QM7HR4ORQWSORMS3JHE,Core Pool,CCGIBZCTJQV5ENURT6YKGZ34VVGELBR2O2NUCZED2DDMV4T7FWMJMFKK,set_dependency,invoke_host_function,SUCCESS
Mainnet,692c979d405c5ced84fb89e1d72b4a17849eb9e391a2109935b107df26d1e22d,2026-07-10T17:32:27Z,GCK5L4DAV67YSSYKFWRCELY2BDODO5UURWD42QM7HR4ORQWSORMS3JHE,Core Pool,CCGIBZCTJQV5ENURT6YKGZ34VVGELBR2O2NUCZED2DDMV4T7FWMJMFKK,set_dependency,invoke_host_function,SUCCESS
Mainnet,c228d785def06a313ea58cce65b40c2ba4648ce6fb61a08ea5003872df2197b8,2026-07-10T17:32:21Z,GCK5L4DAV67YSSYKFWRCELY2BDODO5UURWD42QM7HR4ORQWSORMS3JHE,Core Pool,CCGIBZCTJQV5ENURT6YKGZ34VVGELBR2O2NUCZED2DDMV4T7FWMJMFKK,set_dependency,invoke_host_function,SUCCESS
Mainnet,d6dcc8dcde781e1857310b7e063b1565537f5201ee4ab0abd0c02dd8e43aa5d1,2026-07-10T17:32:15Z,GCK5L4DAV67YSSYKFWRCELY2BDODO5UURWD42QM7HR4ORQWSORMS3JHE,Core Pool,CCGIBZCTJQV5ENURT6YKGZ34VVGELBR2O2NUCZED2DDMV4T7FWMJMFKK,initialize,invoke_host_function,SUCCESS
Mainnet,7cdd9d47455aa66380999709b1dd91583521d158ecab9e83001020b9b977dba7,2026-07-10T17:32:09Z,GCK5L4DAV67YSSYKFWRCELY2BDODO5UURWD42QM7HR4ORQWSORMS3JHE,Liquidation Engine,CBGWB7FCL5OMOUKSCXBZQ5FVFSHX3RDVD53QHZ6JRYRXQVHSLGIAPVHJ,initialize,invoke_host_function,SUCCESS
Mainnet,ba3187e95809d9423e3e1288b80ae691a772d0c1e17e0d7eedb689fc5934d347,2026-07-10T17:32:03Z,GCK5L4DAV67YSSYKFWRCELY2BDODO5UURWD42QM7HR4ORQWSORMS3JHE,ERGO Protocol Token,CDILV5HTHZGWQYRL6TJP3MUTSCRXXQSAUHBMASXPZVC2BS4I3QUE5IDQ,mint,invoke_host_function,SUCCESS
Mainnet,b868368525620fdc0e3c20c9f8f430fe8e5c8987d19d20dce855362f9089f99a,2026-07-10T17:31:58Z,GCK5L4DAV67YSSYKFWRCELY2BDODO5UURWD42QM7HR4ORQWSORMS3JHE,ERGO Protocol Token,CDILV5HTHZGWQYRL6TJP3MUTSCRXXQSAUHBMASXPZVC2BS4I3QUE5IDQ,initialize,invoke_host_function,SUCCESS
Mainnet,6636e5fa10967ec2beefb792fdb49d3f3afbfe3135417c7225988cce55b274df,2026-07-10T17:31:52Z,GCK5L4DAV67YSSYKFWRCELY2BDODO5UURWD42QM7HR4ORQWSORMS3JHE,Governance & Compliance,CBL5WKK2WQ4XGGN25DW3OP2LIGI5GUDLBXNQ76ZLFQLU3RRBBAPGQTLU,initialize,invoke_host_function,SUCCESS
Mainnet,9128d57a4b61f58cc55ef0b10e26869b2f402b2be8aaa485173709ec0ebc3ac0,2026-07-10T17:31:47Z,GCK5L4DAV67YSSYKFWRCELY2BDODO5UURWD42QM7HR4ORQWSORMS3JHE,Oracle Aggregator,CCZIMNOOYPBJBVAXOOIPSI2SJNR6R3LBEEZNDIEI2H2YVTYASAVI772H,initialize,invoke_host_function,SUCCESS
Mainnet,c9f4b2985d5d0c7c9611831a1535b9597449a5bfe57dabd1d84204330a57b3d4,2026-07-10T17:31:41Z,GCK5L4DAV67YSSYKFWRCELY2BDODO5UURWD42QM7HR4ORQWSORMS3JHE,Protocol Deployment & Infrastructure,N/A,invoke_host_function,invoke_host_function,SUCCESS
Mainnet,08ae95604da0f8b16ddec90d71ee94c501c133b71d169e191abf31d81223ad47,2026-07-10T17:31:35Z,GCK5L4DAV67YSSYKFWRCELY2BDODO5UURWD42QM7HR4ORQWSORMS3JHE,Protocol Deployment & Infrastructure,N/A,invoke_host_function,invoke_host_function,SUCCESS
Mainnet,2b47188dbce536a139b6cc1bf5f7625ffc007d359f13ebbb26b4c071333db7d3,2026-07-10T17:31:24Z,GCK5L4DAV67YSSYKFWRCELY2BDODO5UURWD42QM7HR4ORQWSORMS3JHE,Protocol Deployment & Infrastructure,N/A,invoke_host_function,invoke_host_function,SUCCESS
Mainnet,a045940f0f12a82e96130436f7d9bc55700eab4030a9816c79daf4204fd0abb8,2026-07-10T17:31:18Z,GCK5L4DAV67YSSYKFWRCELY2BDODO5UURWD42QM7HR4ORQWSORMS3JHE,Protocol Deployment & Infrastructure,N/A,invoke_host_function,invoke_host_function,SUCCESS
Mainnet,63b6a40f7db45bdc8d655e109404f5a892531b4a50168d3f647beb73f0ccbca3,2026-07-10T16:57:44Z,GARN7A6OJKPR3HAPVIKM6GRUD7KMEHYQ76VJJCO4AAKQ6ETEKFQPQ24T,Protocol Deployment & Infrastructure,N/A,payment,payment,SUCCESS
Mainnet,706e2a9b0bf7422fc9dbd94c16c15713c5ec947963d40ccd5e49d1698218c5eb,2026-07-10T15:56:44Z,GCK5L4DAV67YSSYKFWRCELY2BDODO5UURWD42QM7HR4ORQWSORMS3JHE,Protocol Deployment & Infrastructure,N/A,invoke_host_function,invoke_host_function,SUCCESS
Mainnet,3425db82062bdf92f4b6c0d283c5f2b422c14f6a2c8dae4ee08965756988c6b2,2026-07-10T15:56:38Z,GCK5L4DAV67YSSYKFWRCELY2BDODO5UURWD42QM7HR4ORQWSORMS3JHE,Protocol Deployment & Infrastructure,N/A,invoke_host_function,invoke_host_function,SUCCESS
Mainnet,dd926a46509b640b9c3c35dccfad69850679355d03456d3f661101661bdf1db4,2026-07-10T15:56:32Z,GCK5L4DAV67YSSYKFWRCELY2BDODO5UURWD42QM7HR4ORQWSORMS3JHE,Protocol Deployment & Infrastructure,N/A,invoke_host_function,invoke_host_function,SUCCESS
Mainnet,7e8afc77ff060b44834398868f6739b22254165e71b3a2a6018c5ef9cbca2d00,2026-07-10T15:56:27Z,GCK5L4DAV67YSSYKFWRCELY2BDODO5UURWD42QM7HR4ORQWSORMS3JHE,Protocol Deployment & Infrastructure,N/A,invoke_host_function,invoke_host_function,SUCCESS
Mainnet,00c630f690ca1182375f22e04b97dcad2bd19eb9c2384bdecb81039b89a4e9a7,2026-07-10T15:56:16Z,GCK5L4DAV67YSSYKFWRCELY2BDODO5UURWD42QM7HR4ORQWSORMS3JHE,Protocol Deployment & Infrastructure,N/A,invoke_host_function,invoke_host_function,SUCCESS
Mainnet,e5f202becdbaa32e438650cfd5ebc44126924905059f8ffe2060f18bcf97dc5a,2026-07-10T15:56:04Z,GCK5L4DAV67YSSYKFWRCELY2BDODO5UURWD42QM7HR4ORQWSORMS3JHE,Protocol Deployment & Infrastructure,N/A,invoke_host_function,invoke_host_function,SUCCESS
Mainnet,49729b1c7de8f011c553e7a29470ffa56239c0290c41c775be50e62268abce40,2026-07-10T01:53:52Z,GARN7A6OJKPR3HAPVIKM6GRUD7KMEHYQ76VJJCO4AAKQ6ETEKFQPQ24T,Protocol Deployment & Infrastructure,N/A,payment,payment,SUCCESS
Mainnet,8162a1050da1f81ce89ea19ca8e6656b3c4279bd7f26900ccc34d5c24003e13b,2026-07-09T19:16:15Z,GARN7A6OJKPR3HAPVIKM6GRUD7KMEHYQ76VJJCO4AAKQ6ETEKFQPQ24T,Protocol Deployment & Infrastructure,N/A,payment,payment,SUCCESS
Mainnet,b6aa586020b7dcf1c4e7d534a91ade5177d34b52487c7326e9da480972927e1b,2026-07-09T03:14:06Z,GC7LD3EHTB6AZZRH44SYEHUDK33664G3LP74GIIPITZPKD2CPW62RFES,Protocol Deployment & Infrastructure,N/A,payment,payment,SUCCESS
Mainnet,3e13b6733dbafa3ef59137fb68c6ec5053f76876153eb8f23dca33e1919246e1,2026-07-07T23:28:39Z,GC7LD3EHTB6AZZRH44SYEHUDK33664G3LP74GIIPITZPKD2CPW62RFES,Protocol Deployment & Infrastructure,N/A,payment,payment,SUCCESS
Mainnet,dc6d2dcf54b303797060477f8f21ff1553aed3889c46a8b9b9279b981e2639b4,2026-07-06T02:11:22Z,GC7LD3EHTB6AZZRH44SYEHUDK33664G3LP74GIIPITZPKD2CPW62RFES,Protocol Deployment & Infrastructure,N/A,payment,payment,SUCCESS
Mainnet,9f77c7c64f2e5a17d3f2b97b817a7d7ce93a197c3f6445383046d3a9aeb1f762,2026-07-05T13:07:12Z,GC7LD3EHTB6AZZRH44SYEHUDK33664G3LP74GIIPITZPKD2CPW62RFES,Protocol Deployment & Infrastructure,N/A,payment,payment,SUCCESS
Mainnet,3600e98dc8efde79a222a3a03b7fc1a1556ced128612846c3f19c57ae3534c8c,2026-07-04T19:08:46Z,GC7LD3EHTB6AZZRH44SYEHUDK33664G3LP74GIIPITZPKD2CPW62RFES,Protocol Deployment & Infrastructure,N/A,payment,payment,SUCCESS
Mainnet,0ca8b7f0195c01840f1d61435f7f5dc99d9d6185b256fc0ee1700660cac152c4,2026-07-03T18:41:57Z,GC7LD3EHTB6AZZRH44SYEHUDK33664G3LP74GIIPITZPKD2CPW62RFES,Protocol Deployment & Infrastructure,N/A,payment,payment,SUCCESS
Mainnet,b1b20624b8c27a36942d814c4fb6e1ba0cdc669e917322888acacb6f2fbeb287,2026-07-02T10:32:07Z,GC7LD3EHTB6AZZRH44SYEHUDK33664G3LP74GIIPITZPKD2CPW62RFES,Protocol Deployment & Infrastructure,N/A,payment,payment,SUCCESS
Mainnet,0fadd0aa71778909223721501295ecac9e677e89ac3e59497cb40f6536f986d3,2026-07-01T11:41:58Z,GC7LD3EHTB6AZZRH44SYEHUDK33664G3LP74GIIPITZPKD2CPW62RFES,Protocol Deployment & Infrastructure,N/A,payment,payment,SUCCESS
Mainnet,b6bfcc988b538296c2c14c9800f407c18d6424b7333a32f01c9ecd78dd1affa6,2026-06-30T14:58:58Z,GC7LD3EHTB6AZZRH44SYEHUDK33664G3LP74GIIPITZPKD2CPW62RFES,Protocol Deployment & Infrastructure,N/A,payment,payment,SUCCESS
Mainnet,035b3a035624377398d8bb2f8c43ab332a41190ef1010cb0799abfd7ceabfecf,2026-06-29T14:27:48Z,GC7LD3EHTB6AZZRH44SYEHUDK33664G3LP74GIIPITZPKD2CPW62RFES,Protocol Deployment & Infrastructure,N/A,payment,payment,SUCCESS
Mainnet,c9ccde35fa35a085b5be823077045ac830c8a6ddf36da6f1ea8af265cd8a5a47,2026-06-28T20:05:21Z,GC7LD3EHTB6AZZRH44SYEHUDK33664G3LP74GIIPITZPKD2CPW62RFES,Protocol Deployment & Infrastructure,N/A,payment,payment,SUCCESS
Mainnet,07701d6cce1c03e8a795f25887c7b27f771a39c1eade7f694819eafe94ab754a,2026-06-27T22:30:36Z,GC7LD3EHTB6AZZRH44SYEHUDK33664G3LP74GIIPITZPKD2CPW62RFES,Protocol Deployment & Infrastructure,N/A,payment,payment,SUCCESS
Mainnet,2ef725a3b424cd8a043797e479cef78ef31d0e67a7d2598db9cdfc9cc3d9fd67,2026-06-20T20:33:58Z,GDOVZKTOJFS62OMJ7JK2FCLJMSR6PWR5AS62JQYSN6QN3XMUMVKCW6EE,Protocol Deployment & Infrastructure,N/A,payment,payment,SUCCESS
Mainnet,4ce1aef057031b801d0c8897ee822e1352245a8c3a6196050e350952acfd1ee0,2026-06-19T07:24:58Z,GBBDOM2T72HDPCMV6GYXT5FZWXEDCAEHGG2YXDSIOWQISWSQUKNXVG52,Protocol Deployment & Infrastructure,N/A,payment,payment,SUCCESS
Mainnet,6ea9f58805e03e45347d2af0b905eeeed71671d76419fe3e142498b49490c0c7,2026-06-17T19:08:16Z,GDOVZKTOJFS62OMJ7JK2FCLJMSR6PWR5AS62JQYSN6QN3XMUMVKCW6EE,Protocol Deployment & Infrastructure,N/A,payment,payment,SUCCESS
Mainnet,f0e5ce95104bf19ac68d50fa95538a1e90ef18f6828c38167cc27fb9df1a9a16,2026-06-16T18:58:34Z,GBBDOM2T72HDPCMV6GYXT5FZWXEDCAEHGG2YXDSIOWQISWSQUKNXVG52,Protocol Deployment & Infrastructure,N/A,payment,payment,SUCCESS
Mainnet,58b7079c8ffee7c9250c3f847aafafcf7276531c7d48dd753a2b385d9f889d8a,2026-06-14T20:56:23Z,GBBDOM2T72HDPCMV6GYXT5FZWXEDCAEHGG2YXDSIOWQISWSQUKNXVG52,Protocol Deployment & Infrastructure,N/A,payment,payment,SUCCESS
Mainnet,50c2226ebc52e2831d536b30c0dd867f5b3c79511237f60105a9d3ff16f3aca5,2026-06-14T20:53:07Z,GDOVZKTOJFS62OMJ7JK2FCLJMSR6PWR5AS62JQYSN6QN3XMUMVKCW6EE,Protocol Deployment & Infrastructure,N/A,payment,payment,SUCCESS
Mainnet,b64b0398eabd1c55810932c829104f1d8ef912be7c16821e3f503e211c13f73a,2026-06-13T13:38:39Z,GBBDOM2T72HDPCMV6GYXT5FZWXEDCAEHGG2YXDSIOWQISWSQUKNXVG52,Protocol Deployment & Infrastructure,N/A,payment,payment,SUCCESS
Mainnet,5f60bcbffcb111a017eb2a22672e78b21c8e1daf801c55233ff903622852c653,2026-06-13T13:28:11Z,GDOVZKTOJFS62OMJ7JK2FCLJMSR6PWR5AS62JQYSN6QN3XMUMVKCW6EE,Protocol Deployment & Infrastructure,N/A,payment,payment,SUCCESS
Mainnet,93db8a6995d371866a39bb119ca892625b8ad554b96bcc85fde4107a44629ca8,2026-06-12T16:04:17Z,GDOVZKTOJFS62OMJ7JK2FCLJMSR6PWR5AS62JQYSN6QN3XMUMVKCW6EE,Protocol Deployment & Infrastructure,N/A,payment,payment,SUCCESS
Mainnet,d73cff8002e91c7a3e6fe25f77264273bd56bdad711150a63f668abe6ef13280,2026-06-12T16:02:51Z,GBBDOM2T72HDPCMV6GYXT5FZWXEDCAEHGG2YXDSIOWQISWSQUKNXVG52,Protocol Deployment & Infrastructure,N/A,payment,payment,SUCCESS
Mainnet,b6637d379b31aec2198602997ac614fc9dfef90b0230802f4f4a7c6a34a4f324,2026-06-11T02:36:43Z,GBBDOM2T72HDPCMV6GYXT5FZWXEDCAEHGG2YXDSIOWQISWSQUKNXVG52,Protocol Deployment & Infrastructure,N/A,payment,payment,SUCCESS
Mainnet,8dc147dd4fb7c6660e2510faf2e29c54006b40247bf33d8e0622a67b6389a69d,2026-06-11T02:36:14Z,GDOVZKTOJFS62OMJ7JK2FCLJMSR6PWR5AS62JQYSN6QN3XMUMVKCW6EE,Protocol Deployment & Infrastructure,N/A,payment,payment,SUCCESS
Mainnet,ec2a5226784d0f87ad9b92257d03f2797336638334f28e43c1c673c59f8c8018,2026-06-09T22:09:27Z,GBBDOM2T72HDPCMV6GYXT5FZWXEDCAEHGG2YXDSIOWQISWSQUKNXVG52,Protocol Deployment & Infrastructure,N/A,payment,payment,SUCCESS
Mainnet,2f4763266ab014c567cc0405531eac5677b5c650376f0e1fe198e7a375d7144a,2026-06-09T17:00:59Z,GDOVZKTOJFS62OMJ7JK2FCLJMSR6PWR5AS62JQYSN6QN3XMUMVKCW6EE,Protocol Deployment & Infrastructure,N/A,payment,payment,SUCCESS
Mainnet,73a5a2616bed88064e945e85266274278fffe8926b8da3107560e4323c6d6de9,2026-06-08T22:13:33Z,GBBDOM2T72HDPCMV6GYXT5FZWXEDCAEHGG2YXDSIOWQISWSQUKNXVG52,Protocol Deployment & Infrastructure,N/A,payment,payment,SUCCESS
Mainnet,7babb43dabe6f6ac62fa642d5398d0cb3f6c0145a5cc2f3ed30bcd8e99e64fcc,2026-06-08T21:58:16Z,GDOVZKTOJFS62OMJ7JK2FCLJMSR6PWR5AS62JQYSN6QN3XMUMVKCW6EE,Protocol Deployment & Infrastructure,N/A,payment,payment,SUCCESS
Mainnet,1bdf56909c5b4b87361d41354b617337fc9971667d705b98394f02d29f818571,2026-06-08T12:27:41Z,GBBDOM2T72HDPCMV6GYXT5FZWXEDCAEHGG2YXDSIOWQISWSQUKNXVG52,Protocol Deployment & Infrastructure,N/A,payment,payment,SUCCESS
Mainnet,75b259d53cb2fe7177311594d907418805d2f2d678ea5148da731942a27c39eb,2026-06-08T12:27:11Z,GDOVZKTOJFS62OMJ7JK2FCLJMSR6PWR5AS62JQYSN6QN3XMUMVKCW6EE,Protocol Deployment & Infrastructure,N/A,payment,payment,SUCCESS
Mainnet,3e68ec7f6dbc85c0e83c579dca0bf70510e2d2af5dc6eb053e15eef24aba14e6,2026-06-06T21:46:54Z,GBBDOM2T72HDPCMV6GYXT5FZWXEDCAEHGG2YXDSIOWQISWSQUKNXVG52,Protocol Deployment & Infrastructure,N/A,payment,payment,SUCCESS
Mainnet,9f349ee1aa5beb9d4c57e4b0c76a33f20a1d6f54ebf88929e9720a5504ef5c73,2026-06-06T21:37:01Z,GDOVZKTOJFS62OMJ7JK2FCLJMSR6PWR5AS62JQYSN6QN3XMUMVKCW6EE,Protocol Deployment & Infrastructure,N/A,payment,payment,SUCCESS
Mainnet,830fba2b0e99d7b2eccea488162d8412f4b78be9f7f87392ec2b29b7ba72a32f,2026-06-05T20:49:15Z,GARN7A6OJKPR3HAPVIKM6GRUD7KMEHYQ76VJJCO4AAKQ6ETEKFQPQ24T,Protocol Deployment & Infrastructure,N/A,payment,payment,SUCCESS
Mainnet,31393f1ff5f69ad5594336194b5ba77afcb2a783259c3b8fcf23da67893549a8,2026-06-03T19:02:29Z,GCK5L4DAV67YSSYKFWRCELY2BDODO5UURWD42QM7HR4ORQWSORMS3JHE,Soroban Contract (CBEDEV6L...),CBEDEV6LHEXBZRP37H46HYXXWOYXSQVAUY6KG66SIYYUKFMEZCV3MEXF,withdraw,invoke_host_function,SUCCESS
Mainnet,c8188a52cc4d4aa2e6f92977cd396255bb76a9aeaeb63c4427530b105dd720a2,2026-06-03T15:15:41Z,GCK5L4DAV67YSSYKFWRCELY2BDODO5UURWD42QM7HR4ORQWSORMS3JHE,Protocol Deployment & Infrastructure,N/A,payment,payment,SUCCESS
Mainnet,3db318afa323d95d5db847e126c8d0249c1f9740d1e2cf4feb08be754db3de9b,2026-06-02T17:50:10Z,GCK5L4DAV67YSSYKFWRCELY2BDODO5UURWD42QM7HR4ORQWSORMS3JHE,Soroban Contract (CDCW72YV...),CDCW72YVMAE34IQSED3AQ7UHLKOWXLOMN2UQ2J5H4CKY357G2CHMOARL,transfer,invoke_host_function,SUCCESS
Mainnet,56f4635b7508f3189a3d6a92f0f6973cc518844f826e48a9a0d5e6875cb99ad2,2026-06-02T16:18:27Z,GCK5L4DAV67YSSYKFWRCELY2BDODO5UURWD42QM7HR4ORQWSORMS3JHE,Soroban Contract (CDCW72YV...),CDCW72YVMAE34IQSED3AQ7UHLKOWXLOMN2UQ2J5H4CKY357G2CHMOARL,transfer,invoke_host_function,SUCCESS
Mainnet,b171c0bbd88d9b3116f2c1d405e012dc81c8bbd2425ac48600b76093a5822c6c,2026-06-02T16:15:16Z,GCK5L4DAV67YSSYKFWRCELY2BDODO5UURWD42QM7HR4ORQWSORMS3JHE,Soroban Contract (CBEDEV6L...),CBEDEV6LHEXBZRP37H46HYXXWOYXSQVAUY6KG66SIYYUKFMEZCV3MEXF,withdraw,invoke_host_function,SUCCESS
Mainnet,d1b3ea6cb5895a46fc117b9e5a0ec522f6ca8c0e27eb405d3c463653fcaf4bc4,2026-06-02T16:13:14Z,GCK5L4DAV67YSSYKFWRCELY2BDODO5UURWD42QM7HR4ORQWSORMS3JHE,Soroban Contract (CBEDEV6L...),CBEDEV6LHEXBZRP37H46HYXXWOYXSQVAUY6KG66SIYYUKFMEZCV3MEXF,withdraw,invoke_host_function,SUCCESS
Mainnet,ae63414746f37c730438da92bf135a7f18043eb34c2abbf43db24217ef932946,2026-06-02T16:06:38Z,GCK5L4DAV67YSSYKFWRCELY2BDODO5UURWD42QM7HR4ORQWSORMS3JHE,Protocol Deployment & Infrastructure,N/A,payment,payment,SUCCESS
Mainnet,46844f995f968ad72a25648ebde194fcc4ebd336b9611a106a302a64ad66a750,2026-06-02T16:04:53Z,GCK5L4DAV67YSSYKFWRCELY2BDODO5UURWD42QM7HR4ORQWSORMS3JHE,Soroban Contract (CBEDEV6L...),CBEDEV6LHEXBZRP37H46HYXXWOYXSQVAUY6KG66SIYYUKFMEZCV3MEXF,withdraw,invoke_host_function,SUCCESS
Mainnet,a9f4401067a316485516b07a176996065bf6ca977d8da67edd53f32409909a84,2026-06-02T16:04:29Z,GCK5L4DAV67YSSYKFWRCELY2BDODO5UURWD42QM7HR4ORQWSORMS3JHE,Protocol Deployment & Infrastructure,N/A,payment,payment,SUCCESS
Mainnet,4eedd9d33fde263ef09a5974959ab89616a795bc84cee09537f42125fd891805,2026-06-02T16:02:23Z,GCK5L4DAV67YSSYKFWRCELY2BDODO5UURWD42QM7HR4ORQWSORMS3JHE,Soroban Contract (CBEDEV6L...),CBEDEV6LHEXBZRP37H46HYXXWOYXSQVAUY6KG66SIYYUKFMEZCV3MEXF,withdraw,invoke_host_function,SUCCESS
Mainnet,bcb32be943431494934396c9a0ddf3f8f46abfceada247b301e7f46373cadc33,2026-06-02T16:00:32Z,GCK5L4DAV67YSSYKFWRCELY2BDODO5UURWD42QM7HR4ORQWSORMS3JHE,Protocol Deployment & Infrastructure,N/A,payment,payment,SUCCESS
Mainnet,78eb7d791a289abac971c269701e962cc1b1917a60c5f03bfb93940e48cad8f0,2026-06-02T15:42:07Z,GCK5L4DAV67YSSYKFWRCELY2BDODO5UURWD42QM7HR4ORQWSORMS3JHE,Soroban Contract (CBEDEV6L...),CBEDEV6LHEXBZRP37H46HYXXWOYXSQVAUY6KG66SIYYUKFMEZCV3MEXF,withdraw,invoke_host_function,SUCCESS
Mainnet,bb518e295f93ad8dfd2bc984a6340d29de64f6088c561a29acb6fb23e13b2bf0,2026-06-02T15:40:57Z,GCK5L4DAV67YSSYKFWRCELY2BDODO5UURWD42QM7HR4ORQWSORMS3JHE,Soroban Contract (CDCW72YV...),CDCW72YVMAE34IQSED3AQ7UHLKOWXLOMN2UQ2J5H4CKY357G2CHMOARL,transfer,invoke_host_function,SUCCESS
Mainnet,36a051e77f1348e03ea944a21d5ea1108d64b77888588d20b3cf2ac09a7ab3ef,2026-06-02T15:23:58Z,GCK5L4DAV67YSSYKFWRCELY2BDODO5UURWD42QM7HR4ORQWSORMS3JHE,Soroban Contract (CBEDEV6L...),CBEDEV6LHEXBZRP37H46HYXXWOYXSQVAUY6KG66SIYYUKFMEZCV3MEXF,withdraw,invoke_host_function,SUCCESS
Mainnet,8145a513698791d6c922fa0f42eb37a39e4afa7b6d64a832aeccee5ce47444ef,2026-06-02T15:23:19Z,GCK5L4DAV67YSSYKFWRCELY2BDODO5UURWD42QM7HR4ORQWSORMS3JHE,Soroban Contract (CDCW72YV...),CDCW72YVMAE34IQSED3AQ7UHLKOWXLOMN2UQ2J5H4CKY357G2CHMOARL,transfer,invoke_host_function,SUCCESS
Mainnet,1323b879212f999e80f9b800fc4ccdf4243160d8bc8ddcb878615b3669372425,2026-06-02T15:22:33Z,GCK5L4DAV67YSSYKFWRCELY2BDODO5UURWD42QM7HR4ORQWSORMS3JHE,Soroban Contract (CBEDEV6L...),CBEDEV6LHEXBZRP37H46HYXXWOYXSQVAUY6KG66SIYYUKFMEZCV3MEXF,initialize,invoke_host_function,SUCCESS
Mainnet,3db896d250aa7a46e1f26bf63119db30279e2fd24bd84135d99d2f5b40a986f6,2026-06-02T15:18:23Z,GCK5L4DAV67YSSYKFWRCELY2BDODO5UURWD42QM7HR4ORQWSORMS3JHE,Protocol Deployment & Infrastructure,N/A,invoke_host_function,invoke_host_function,SUCCESS
Mainnet,6b4095fdf5a122d5c74023eaa0846b42a969a9ab46edfd0176f1ca1d8d5b8ca1,2026-06-02T15:18:12Z,GCK5L4DAV67YSSYKFWRCELY2BDODO5UURWD42QM7HR4ORQWSORMS3JHE,Protocol Deployment & Infrastructure,N/A,invoke_host_function,invoke_host_function,SUCCESS
Mainnet,59ca80e58dd6f160f6130cdc5f79534c65be641af03405263afa22268e66a2be,2026-06-02T15:08:57Z,GCK5L4DAV67YSSYKFWRCELY2BDODO5UURWD42QM7HR4ORQWSORMS3JHE,Soroban Contract (CDCW72YV...),CDCW72YVMAE34IQSED3AQ7UHLKOWXLOMN2UQ2J5H4CKY357G2CHMOARL,transfer,invoke_host_function,SUCCESS
Mainnet,670a8cd1a328da025beee18774e824f90b5f18c973388b947eb07a190a57b62f,2026-06-02T15:08:23Z,GCK5L4DAV67YSSYKFWRCELY2BDODO5UURWD42QM7HR4ORQWSORMS3JHE,Protocol Deployment & Infrastructure,N/A,payment,payment,SUCCESS
Mainnet,c0a0b05a5ad2cd538d442e3a47d9e3a3e576af1636dc694038277360447e0709,2026-06-02T15:02:00Z,GCK5L4DAV67YSSYKFWRCELY2BDODO5UURWD42QM7HR4ORQWSORMS3JHE,Soroban Contract (CDCW72YV...),CDCW72YVMAE34IQSED3AQ7UHLKOWXLOMN2UQ2J5H4CKY357G2CHMOARL,transfer,invoke_host_function,SUCCESS
Mainnet,b29433734a0f47ff8bc82fce5fb8fde061214255113238655c79c6bdcd1ac62c,2026-06-02T15:01:31Z,GCK5L4DAV67YSSYKFWRCELY2BDODO5UURWD42QM7HR4ORQWSORMS3JHE,Protocol Deployment & Infrastructure,N/A,payment,payment,SUCCESS
Mainnet,b54ef6450a75eaf1a272f5ad786f8513055699f801030851c376aa7ae24a2c95,2026-06-02T14:57:53Z,GCK5L4DAV67YSSYKFWRCELY2BDODO5UURWD42QM7HR4ORQWSORMS3JHE,Soroban Contract (CDCW72YV...),CDCW72YVMAE34IQSED3AQ7UHLKOWXLOMN2UQ2J5H4CKY357G2CHMOARL,transfer,invoke_host_function,SUCCESS
Mainnet,057a261c1f29516ccb518164c17f63526b834fb11f43fea8f178f1755e15971f,2026-06-02T14:55:31Z,GCK5L4DAV67YSSYKFWRCELY2BDODO5UURWD42QM7HR4ORQWSORMS3JHE,Soroban Contract (CDCW72YV...),CDCW72YVMAE34IQSED3AQ7UHLKOWXLOMN2UQ2J5H4CKY357G2CHMOARL,transfer,invoke_host_function,SUCCESS
Mainnet,a1b35f67a8962f88bfc2a352dca8864835c59000a932fc4bec6770577437b532,2026-06-02T14:50:24Z,GCK5L4DAV67YSSYKFWRCELY2BDODO5UURWD42QM7HR4ORQWSORMS3JHE,Soroban Contract (CDCW72YV...),CDCW72YVMAE34IQSED3AQ7UHLKOWXLOMN2UQ2J5H4CKY357G2CHMOARL,transfer,invoke_host_function,SUCCESS
Mainnet,4bd2a96d6e92e5039cda04475352fcfff29f7c2a2e7e860c997a829a09be6b4e,2026-06-01T18:50:19Z,GARN7A6OJKPR3HAPVIKM6GRUD7KMEHYQ76VJJCO4AAKQ6ETEKFQPQ24T,Protocol Deployment & Infrastructure,N/A,payment,payment,SUCCESS
Mainnet,9bd92db0e5263dfa652076d9742d2bf7a1bcc8a98f1ebb313a521758faf043dd,2026-06-01T18:23:57Z,GCK5L4DAV67YSSYKFWRCELY2BDODO5UURWD42QM7HR4ORQWSORMS3JHE,Soroban Contract (CB6RDLOQ...),CB6RDLOQFBJDFDQLX6QXS27F7QRZ3BIUADK5NJ33KUI24PMA7AIYZRVD,initialize,invoke_host_function,SUCCESS
Mainnet,66b7fc1f2550cf3cd7138bb48575e1ff606384daa190581a2d8421498f2e60a1,2026-06-01T18:23:46Z,GCK5L4DAV67YSSYKFWRCELY2BDODO5UURWD42QM7HR4ORQWSORMS3JHE,Protocol Deployment & Infrastructure,N/A,invoke_host_function,invoke_host_function,SUCCESS
Mainnet,04086418ab64f5a3d58593702032ce93a101b3bc0b236486257436d8a3879b72,2026-06-01T18:15:44Z,GCK5L4DAV67YSSYKFWRCELY2BDODO5UURWD42QM7HR4ORQWSORMS3JHE,Soroban Contract (CDCW72YV...),CDCW72YVMAE34IQSED3AQ7UHLKOWXLOMN2UQ2J5H4CKY357G2CHMOARL,transfer,invoke_host_function,SUCCESS
Mainnet,216769ad96456025bc9f7a2a9216a148d34e21d71d7aab2fafc8a53c7545fd68,2026-06-01T18:15:22Z,GCK5L4DAV67YSSYKFWRCELY2BDODO5UURWD42QM7HR4ORQWSORMS3JHE,Protocol Deployment & Infrastructure,N/A,payment,payment,SUCCESS
Mainnet,2e4a868ae42716817d358e376c8cb2dff3cb8c066f2a92f1e44ee61a0088e29b,2026-06-01T18:13:55Z,GCK5L4DAV67YSSYKFWRCELY2BDODO5UURWD42QM7HR4ORQWSORMS3JHE,Protocol Deployment & Infrastructure,N/A,payment,payment,SUCCESS
Mainnet,5590d5b12ff6d22e7c6d24b36934b14563a4fd9aa82a5c2dfeae681a1604848c,2026-06-01T18:13:32Z,GCK5L4DAV67YSSYKFWRCELY2BDODO5UURWD42QM7HR4ORQWSORMS3JHE,Protocol Deployment & Infrastructure,N/A,payment,payment,SUCCESS
Mainnet,07a73e39c2be2e3839924c7c8e7d0856a8e74b2864dbcd8ab0bfde112042b6db,2026-06-01T18:13:10Z,GCK5L4DAV67YSSYKFWRCELY2BDODO5UURWD42QM7HR4ORQWSORMS3JHE,Protocol Deployment & Infrastructure,N/A,payment,payment,SUCCESS
Mainnet,04a9e92f11d5a5cf2eb29f36d14d57df8a985ddb94a7b3de8a5941037e28d639,2026-06-01T18:10:31Z,GCK5L4DAV67YSSYKFWRCELY2BDODO5UURWD42QM7HR4ORQWSORMS3JHE,Soroban Contract (CC7HB5ZA...),CC7HB5ZARRHNEUHBDNZU6VKJ4O4NVPLECG772JTJQDBWFFTJ6SB4WHYU,initialize,invoke_host_function,SUCCESS
Mainnet,53e03319b55b0661ff8e56738035b04f185e0760cbea7e40440d13e5465676a0,2026-06-01T18:10:19Z,GCK5L4DAV67YSSYKFWRCELY2BDODO5UURWD42QM7HR4ORQWSORMS3JHE,Protocol Deployment & Infrastructure,N/A,invoke_host_function,invoke_host_function,SUCCESS
Mainnet,5a4c9bf56f8a62a7fe7177826803804d2e624ef3275b3b9262de0bca49d91c85,2026-06-01T18:08:05Z,GCK5L4DAV67YSSYKFWRCELY2BDODO5UURWD42QM7HR4ORQWSORMS3JHE,Soroban Contract (CCPTW353...),CCPTW353CR67LWIV5K4SXTA5X6ALX2P5GU2CVKLPUN6PS7USKGIDWRAR,initialize,invoke_host_function,SUCCESS
Mainnet,31898c2a30f3d0556285f8f8a906107050304cc12b249be6e3e1caf503bbf6e5,2026-06-01T18:07:14Z,GCK5L4DAV67YSSYKFWRCELY2BDODO5UURWD42QM7HR4ORQWSORMS3JHE,Protocol Deployment & Infrastructure,N/A,invoke_host_function,invoke_host_function,SUCCESS
Mainnet,04989ffdc3c0ce91ef1b097109481f7817bc8343266567b8e5cb737c974d77b6,2026-06-01T18:05:45Z,GARN7A6OJKPR3HAPVIKM6GRUD7KMEHYQ76VJJCO4AAKQ6ETEKFQPQ24T,Protocol Deployment & Infrastructure,N/A,payment,payment,SUCCESS
Mainnet,2e6732f524a727626071d880c69d73400473ed940988ef1212cf41b8b86c7e34,2026-06-01T18:04:00Z,GCK5L4DAV67YSSYKFWRCELY2BDODO5UURWD42QM7HR4ORQWSORMS3JHE,Soroban Contract (CDLQNAYU...),CDLQNAYUALUUMVQY6EN65MGIR2LLIMXJOBYQCHIGMJX4SREGQB36AQUH,initialize,invoke_host_function,SUCCESS
Mainnet,fcf3adb3f28b25315bf6a0f625e1991a5aa7fbf2817b6d8d46152a5ffb30b030,2026-06-01T18:03:47Z,GCK5L4DAV67YSSYKFWRCELY2BDODO5UURWD42QM7HR4ORQWSORMS3JHE,Protocol Deployment & Infrastructure,N/A,invoke_host_function,invoke_host_function,SUCCESS
Mainnet,41b3cdcfa81068014718c7ee749d7981fff55ef589e879d3d5d5b836b64db1b4,2026-06-01T17:58:20Z,GCK5L4DAV67YSSYKFWRCELY2BDODO5UURWD42QM7HR4ORQWSORMS3JHE,Soroban Contract (CDCW72YV...),CDCW72YVMAE34IQSED3AQ7UHLKOWXLOMN2UQ2J5H4CKY357G2CHMOARL,transfer,invoke_host_function,SUCCESS
Mainnet,3b54231a3f166bfcfd036c236da7c5d2e0d48f795a36b50d7310b7891fe5e48b,2026-06-01T17:57:51Z,GCK5L4DAV67YSSYKFWRCELY2BDODO5UURWD42QM7HR4ORQWSORMS3JHE,Soroban Contract (CDCW72YV...),CDCW72YVMAE34IQSED3AQ7UHLKOWXLOMN2UQ2J5H4CKY357G2CHMOARL,transfer,invoke_host_function,SUCCESS
Mainnet,75dd1bf00631341003d80db14ddfeaf0f65d05d145a109df19c77294d51229db,2026-06-01T17:57:23Z,GCK5L4DAV67YSSYKFWRCELY2BDODO5UURWD42QM7HR4ORQWSORMS3JHE,Soroban Contract (CDCW72YV...),CDCW72YVMAE34IQSED3AQ7UHLKOWXLOMN2UQ2J5H4CKY357G2CHMOARL,transfer,invoke_host_function,SUCCESS
Mainnet,2ff63df4ff852742ec54ee2f270f68be0b29cab9a2e1b343330e6cc4e0368693,2026-06-01T17:55:10Z,GCK5L4DAV67YSSYKFWRCELY2BDODO5UURWD42QM7HR4ORQWSORMS3JHE,Soroban Contract (CBCMDLJW...),CBCMDLJWMDSLBX6TO7VMRW4ROGTO2IYR5ILPXDUL2W3I3K3SCHGKRXVC,initialize,invoke_host_function,SUCCESS
Mainnet,c9850721469aa56276869eca24a1bf03f4cb518169fc989c69f0e8f100a29848,2026-06-01T17:54:58Z,GCK5L4DAV67YSSYKFWRCELY2BDODO5UURWD42QM7HR4ORQWSORMS3JHE,Protocol Deployment & Infrastructure,N/A,invoke_host_function,invoke_host_function,SUCCESS
Mainnet,fb5fd1c204b6764d8700c1ffde4b45603ba7472a84ebdeda39e802a15e782698,2026-06-01T16:08:29Z,GCK5L4DAV67YSSYKFWRCELY2BDODO5UURWD42QM7HR4ORQWSORMS3JHE,Soroban Contract (CBRPSAFR...),CBRPSAFRX2JAXLF3CYTQCETJRQAYCKCBBR24O4UVUVLF3X6Q4D7KVQSZ,initialize,invoke_host_function,SUCCESS
Mainnet,61f2f6aa3d8780865da2bdeb1b92b100222a26bfd6fff835a97cdb934a5c404a,2026-06-01T16:08:09Z,GCK5L4DAV67YSSYKFWRCELY2BDODO5UURWD42QM7HR4ORQWSORMS3JHE,Protocol Deployment & Infrastructure,N/A,invoke_host_function,invoke_host_function,SUCCESS
Mainnet,bf4b7d54a3599721396942ed4d6e26af5c1e650537eeed213a41089267b476bc,2026-06-01T16:07:57Z,GCK5L4DAV67YSSYKFWRCELY2BDODO5UURWD42QM7HR4ORQWSORMS3JHE,Protocol Deployment & Infrastructure,N/A,invoke_host_function,invoke_host_function,SUCCESS
Mainnet,6da9d581edd596333321cb0204156a6207ea902bf82ea064986a56abb3e7dad7,2026-06-01T16:07:46Z,GCK5L4DAV67YSSYKFWRCELY2BDODO5UURWD42QM7HR4ORQWSORMS3JHE,Soroban Contract (CAFJYMC5...),CAFJYMC5CUD5NKUGPFYLTHPPYS76V6C5EKM6RGIJJKXGEZIWRVMUZUOV,initialize,invoke_host_function,SUCCESS
Mainnet,3b103415095008514568d5b1d55fb908956eb038ed109656e470110a643017d9,2026-06-01T16:07:34Z,GCK5L4DAV67YSSYKFWRCELY2BDODO5UURWD42QM7HR4ORQWSORMS3JHE,Protocol Deployment & Infrastructure,N/A,invoke_host_function,invoke_host_function,SUCCESS
Mainnet,1591c965bd0e3b7259cb900d68376a605731eea4bb2f6d890a0b80ba32788556,2026-06-01T16:07:22Z,GCK5L4DAV67YSSYKFWRCELY2BDODO5UURWD42QM7HR4ORQWSORMS3JHE,Protocol Deployment & Infrastructure,N/A,invoke_host_function,invoke_host_function,SUCCESS
Mainnet,250d67a0c995fbc485a723f4cf3b6b42a1f5fa9f1bd4eab2f5cfdb3defd6a1df,2026-06-01T10:33:59Z,GAFKEZCKRSFF4PE46HKR4SOPEBCFCUOL5EU3ESZFLQKEB3UDIM6ZHUNM,Protocol Deployment & Infrastructure,N/A,payment,payment,SUCCESS
Mainnet,824ec780df16770aeefc6abeaf3867404b5c31a5f999b2f1df73328dfe56d8a2,2026-06-01T06:44:55Z,GCK5L4DAV67YSSYKFWRCELY2BDODO5UURWD42QM7HR4ORQWSORMS3JHE,Soroban Contract (CCPXCIER...),CCPXCIERUHUJNBJITLR3MWKXTRTJ5E4ET2TEYGSXV72FRJS3RVAHNX3Q,initialize,invoke_host_function,SUCCESS
Mainnet,d3f8f525a616b1c619373c6e52ae0758a3ca6ffe8dc8fb5ae3d6819fe38edc3b,2026-06-01T06:28:10Z,GCK5L4DAV67YSSYKFWRCELY2BDODO5UURWD42QM7HR4ORQWSORMS3JHE,Protocol Deployment & Infrastructure,N/A,invoke_host_function,invoke_host_function,SUCCESS
Mainnet,fa3e40265d90facac278493a24414e73d7b86b00859a95530d64697ab081fc89,2026-06-01T06:27:52Z,GCK5L4DAV67YSSYKFWRCELY2BDODO5UURWD42QM7HR4ORQWSORMS3JHE,Protocol Deployment & Infrastructure,N/A,invoke_host_function,invoke_host_function,SUCCESS
Mainnet,f9d84c0d3f15dea2d1bfca1d25686985b5510169487a0a47d32b27f1cb237540,2026-06-01T06:27:11Z,GCK5L4DAV67YSSYKFWRCELY2BDODO5UURWD42QM7HR4ORQWSORMS3JHE,Soroban Contract (CDR4EEFL...),CDR4EEFL7OTXIJHD5ZR24J2VCO7THYIE3LGGRXJJY7W4WPCQ2QRO5ZY7,initialize,invoke_host_function,SUCCESS
Mainnet,d30f2826045c5beb2fb9a6e11fd2e0ae1a2e5e21f63a643ee7ea86178f36aac5,2026-06-01T06:26:13Z,GCK5L4DAV67YSSYKFWRCELY2BDODO5UURWD42QM7HR4ORQWSORMS3JHE,Soroban Contract (CAOOSHR6...),CAOOSHR64NP2HIFMQE4LYLWAXPJM5VEUH6W7DYGQURHPM2W2GZDZPAW6,initialize,invoke_host_function,SUCCESS
Mainnet,e11b2be165d5f9397be731cf7b4a1c21e98252e0e4f862d3bf1baf3a78dfc860,2026-06-01T06:25:34Z,GCK5L4DAV67YSSYKFWRCELY2BDODO5UURWD42QM7HR4ORQWSORMS3JHE,Protocol Deployment & Infrastructure,N/A,invoke_host_function,invoke_host_function,SUCCESS
Mainnet,ddf1712a9a6fc860ed6f9e76bf8d10ca299fd736eb7c00dfa0ebba9b601cd523,2026-06-01T06:25:23Z,GCK5L4DAV67YSSYKFWRCELY2BDODO5UURWD42QM7HR4ORQWSORMS3JHE,Protocol Deployment & Infrastructure,N/A,invoke_host_function,invoke_host_function,SUCCESS
Mainnet,1ab16a31aef43f17be405e75b53d61dacd693cb9ec6771d31a7d09cc92b2ea3f,2026-06-01T06:25:00Z,GCK5L4DAV67YSSYKFWRCELY2BDODO5UURWD42QM7HR4ORQWSORMS3JHE,Protocol Deployment & Infrastructure,N/A,invoke_host_function,invoke_host_function,SUCCESS
Mainnet,0578da5e5463b1689d3fcb28479fd2345b8a6583ebd3e11251ace7f2dff164eb,2026-06-01T06:24:49Z,GCK5L4DAV67YSSYKFWRCELY2BDODO5UURWD42QM7HR4ORQWSORMS3JHE,Protocol Deployment & Infrastructure,N/A,invoke_host_function,invoke_host_function,SUCCESS
Mainnet,2ae7b34ee507b6ce3b49c58ac679d7a803b279c40c67b0b8a4acccbae70dc511,2026-06-01T06:24:08Z,GCK5L4DAV67YSSYKFWRCELY2BDODO5UURWD42QM7HR4ORQWSORMS3JHE,Soroban Contract (CDCW72YV...),CDCW72YVMAE34IQSED3AQ7UHLKOWXLOMN2UQ2J5H4CKY357G2CHMOARL,initialize,invoke_host_function,SUCCESS
Mainnet,81be2f783adb146102d94784b571c7aaa23bb3c7e62fbddd35a60f7f09689a7f,2026-06-01T06:23:04Z,GCK5L4DAV67YSSYKFWRCELY2BDODO5UURWD42QM7HR4ORQWSORMS3JHE,Protocol Deployment & Infrastructure,N/A,invoke_host_function,invoke_host_function,SUCCESS
Mainnet,af6dc793a54f86ef8f4df9d1105bfb440d405c704e87c25df176643488e8ba7d,2026-06-01T06:22:47Z,GCK5L4DAV67YSSYKFWRCELY2BDODO5UURWD42QM7HR4ORQWSORMS3JHE,Protocol Deployment & Infrastructure,N/A,invoke_host_function,invoke_host_function,SUCCESS
Mainnet,c372784c8f82916939ded8060b06c8cbcc6b3db7de2a332c2ab918fc0faf6498,2026-05-31T23:04:40Z,GARN7A6OJKPR3HAPVIKM6GRUD7KMEHYQ76VJJCO4AAKQ6ETEKFQPQ24T,Protocol Deployment & Infrastructure,N/A,payment,payment,SUCCESS
Mainnet,78145c5ec97275bd7738e860282835e392e74a86a03241b4f9c1f4eae57fb0e9,2026-05-31T22:35:53Z,GARN7A6OJKPR3HAPVIKM6GRUD7KMEHYQ76VJJCO4AAKQ6ETEKFQPQ24T,Protocol Deployment & Infrastructure,N/A,payment,payment,SUCCESS
Mainnet,8e02e543bdc762728ac6e946b52e4c2d9915c22ce547e20cede2e29d1e3e9aab,2026-05-31T22:34:09Z,GARN7A6OJKPR3HAPVIKM6GRUD7KMEHYQ76VJJCO4AAKQ6ETEKFQPQ24T,Protocol Deployment & Infrastructure,N/A,create_account,create_account,SUCCESS
Mainnet,74d3f4b7089265ccf83589480593e903b69abe8f5660a32683355645922405ba,2026-07-10T22:13:28Z,GARN7A6OJKPR3HAPVIKM6GRUD7KMEHYQ76VJJCO4AAKQ6ETEKFQPQ24T,Governance & Compliance,CBL5WKK2WQ4XGGN25DW3OP2LIGI5GUDLBXNQ76ZLFQLU3RRBBAPGQTLU,clawback_position,invoke_host_function,SUCCESS
Mainnet,8fd823b0490997ca569cdd7c3dd618e0eb00213327de6660bf8e807b4ba78165,2026-07-10T22:09:55Z,GARN7A6OJKPR3HAPVIKM6GRUD7KMEHYQ76VJJCO4AAKQ6ETEKFQPQ24T,Governance & Compliance,CBL5WKK2WQ4XGGN25DW3OP2LIGI5GUDLBXNQ76ZLFQLU3RRBBAPGQTLU,clawback_position,invoke_host_function,SUCCESS
Mainnet,01e33b7e3a90029ffbd49929a44988dac6263fedd8455a478a89c5450afa3f44,2026-07-10T21:52:28Z,GARN7A6OJKPR3HAPVIKM6GRUD7KMEHYQ76VJJCO4AAKQ6ETEKFQPQ24T,Governance & Compliance,CBL5WKK2WQ4XGGN25DW3OP2LIGI5GUDLBXNQ76ZLFQLU3RRBBAPGQTLU,clawback_position,invoke_host_function,SUCCESS
Mainnet,86e74eded675885e724319a2d3af71a68cde2187bd75796d4d5bc1840a7d23e2,2026-07-10T21:48:57Z,GARN7A6OJKPR3HAPVIKM6GRUD7KMEHYQ76VJJCO4AAKQ6ETEKFQPQ24T,Protocol Deployment & Infrastructure,N/A,change_trust,change_trust,SUCCESS
Mainnet,be4602457fcbf4bdd7055f0d49b92ac8e5047eae1953773fd99c72a52447740c,2026-07-08T14:51:27Z,GCETHWILKC242GHWHCYAI4VAU4D4JZ637XHCAEABW6EVWWDILXNRMPJF,Protocol Deployment & Infrastructure,N/A,payment,payment,SUCCESS
Mainnet,c799d09d1d428c8c05b63a8d7b719927b817d67ec375246eb60cd580d381cc2e,2026-06-01T18:51:40Z,GARN7A6OJKPR3HAPVIKM6GRUD7KMEHYQ76VJJCO4AAKQ6ETEKFQPQ24T,Protocol Deployment & Infrastructure,N/A,payment,payment,SUCCESS
Mainnet,3187c758e603a3f7ce35fd1f9b1853ce4bf7a375ff4d39ecc46c57045c73f3f2,2026-06-01T16:22:02Z,GARN7A6OJKPR3HAPVIKM6GRUD7KMEHYQ76VJJCO4AAKQ6ETEKFQPQ24T,Soroban Contract (CDCW72YV...),CDCW72YVMAE34IQSED3AQ7UHLKOWXLOMN2UQ2J5H4CKY357G2CHMOARL,faucet_claim,invoke_host_function,SUCCESS
Mainnet,9f5acc269440a708685105f5bbb2c5f7065ba920ab7312feaa5c52fd59596c7b,2026-06-01T16:13:06Z,GARN7A6OJKPR3HAPVIKM6GRUD7KMEHYQ76VJJCO4AAKQ6ETEKFQPQ24T,Protocol Deployment & Infrastructure,N/A,payment,payment,SUCCESS
Mainnet,0544b34fa1091c440d23821166d6f880343ab2e5117865a9fcf2342ed414b3df,2026-05-29T16:47:28Z,GC5LF63GRVIT5ZXXCXLPI3RX2YXKJQFZVBSAO6AUELN3YIMSWPD6Z6FH,Protocol Deployment & Infrastructure,N/A,create_account,create_account,SUCCESS
